﻿<parameters>
  <parameter name="IIS Web Application Name" defaultValue="AutoStar/GT_Taller" tags="IisApp">
    <parameterEntry kind="ProviderPath" scope="IisApp" match="^C:\\Users\\Marcelo\\Documents\\GitHub\\AutoStar\\AutoStar\\AutoStar\\obj\\Release\\Package\\PackageTmp$" />
    <parameterEntry kind="ProviderPath" scope="setAcl" match="^C:\\Users\\Marcelo\\Documents\\GitHub\\AutoStar\\AutoStar\\AutoStar\\obj\\Release\\Package\\PackageTmp$" />
  </parameter>
  <parameter name="DefaultConnection-Web.config Connection String" defaultValue="Data Source=(LocalDb)\v11.0;AttachDbFilename=|DataDirectory|\aspnet-AutoStar-20131017083946.mdf;Initial Catalog=aspnet-AutoStar-20131017083946;Integrated Security=True">
    <parameterEntry kind="XmlFile" scope="C:\\Users\\Marcelo\\Documents\\GitHub\\AutoStar\\AutoStar\\AutoStar\\obj\\Release\\Package\\PackageTmp\\Web\.config$" match="/configuration/connectionStrings/add[@name='DefaultConnection']/@connectionString" />
  </parameter>
  <parameter name="GT_AutoStarConnectionString-Web.config Connection String" defaultValue="Data Source=.;Initial Catalog=GT_AutoStar;Integrated Security=True">
    <parameterEntry kind="XmlFile" scope="C:\\Users\\Marcelo\\Documents\\GitHub\\AutoStar\\AutoStar\\AutoStar\\obj\\Release\\Package\\PackageTmp\\Web\.config$" match="/configuration/connectionStrings/add[@name='GT_AutoStarConnectionString']/@connectionString" />
  </parameter>
  <parameter name="GT_AutoStarConnectionString2-Web.config Connection String" defaultValue="Data Source=.;Initial Catalog=GT_AutoStar;Integrated Security=True">
    <parameterEntry kind="XmlFile" scope="C:\\Users\\Marcelo\\Documents\\GitHub\\AutoStar\\AutoStar\\AutoStar\\obj\\Release\\Package\\PackageTmp\\Web\.config$" match="/configuration/connectionStrings/add[@name='GT_AutoStarConnectionString2']/@connectionString" />
  </parameter>
  <parameter name="LevelUpConnectionString-Web.config Connection String" defaultValue="Data Source=.;Initial Catalog=LevelUp;Integrated Security=True">
    <parameterEntry kind="XmlFile" scope="C:\\Users\\Marcelo\\Documents\\GitHub\\AutoStar\\AutoStar\\AutoStar\\obj\\Release\\Package\\PackageTmp\\Web\.config$" match="/configuration/connectionStrings/add[@name='LevelUpConnectionString']/@connectionString" />
  </parameter>
</parameters>